listing_id,area_sqft,bedrooms,age_years,location,lot_size,price
0,3114.4,1,38,Suburb,8119.8,634692.26
1,1586.1,3,50,Downtown,,379901.48
2,1435.8,6,65,Suburb,,264320.73
3,2207.8,6,22,Suburb,4397.4,472243.58
4,1495.6,6,77,Downtown,2668.5,385374.61
5,1894.2,2,33,Downtown,3010.7,428954.3
6,426.1,4,38,Downtown,744.5,202052.05
7,1956.9,1,23,Suburb,2856.1,437367.79
8,1766.4,6,36,Downtown,5131.3,471223.66
9,1003.9,3,73,Downtown,2328.8,294851.51
10,2592.0,6,29,Suburb,7564.5,559165.36
11,1634.8,5,41,Downtown,2370.8,386426.63
12,1660.4,4,75,Downtown,3865.2,409387.58
13,989.5,2,12,Suburb,1983.1,199449.93
14,802.6,5,10,Downtown,2280.1,310033.11
15,1436.8,5,9,Suburb,1771.8,356624.99
16,864.1,6,14,Suburb,1978.7,219073.94
17,2071.8,6,61,Suburb,4441.1,398186.53
18,2298.9,4,35,Rural,2984.7,423294.88
19,1396.6,2,74,Downtown,2866.8,307983.97
20,812.0,3,30,Downtown,1396.8,280487.42
21,1540.9,3,18,Suburb,2662.2,327348.2
22,1141.0,5,34,Rural,1454.3,286149.37
23,1877.1,6,45,Suburb,5049.0,422061.13
24,1884.8,1,77,Suburb,2923.7,292298.22
25,1521.1,4,38,Suburb,,298606.57
26,1820.7,1,44,Downtown,2639.6,390888.46
27,2401.0,5,35,Suburb,,474534.52
28,2798.7,3,43,Suburb,8206.7,527016.25
29,1463.3,2,55,Rural,3032.4,258146.38
30,2209.6,5,69,Suburb,6065.5,431512.91
31,1633.6,5,64,Suburb,2720.3,352360.92
32,1141.8,5,9,Downtown,1657.2,326772.21
33,2545.0,6,65,Suburb,6432.0,476130.04
34,2011.5,6,70,Downtown,4472.2,420599.38
35,1860.2,5,17,Suburb,5085.6,358382.49
36,1988.5,2,71,Downtown,4361.4,394270.97
37,1678.1,6,48,Suburb,4991.9,361584.73
38,1143.9,3,36,Downtown,2241.2,292754.02
39,2840.8,3,12,Suburb,5491.2,565586.93
40,2315.2,2,35,Downtown,5975.3,555368.6
41,1933.4,4,14,Rural,5777.8,351792.01
42,2354.6,3,6,Suburb,4209.7,475836.84
43,2546.7,5,27,Suburb,4191.8,509400.79
44,1655.5,3,54,Suburb,4411.6,288947.73
45,2127.5,5,45,Suburb,3655.6,469335.32
46,1580.7,5,28,Suburb,2342.2,347462.68
47,2161.9,4,39,Suburb,4787.2,466175.18
48,1622.7,5,66,Suburb,2810.0,290183.44
49,3235.6,1,3,Suburb,4505.9,673339.58
50,1560.9,2,28,Suburb,3616.4,372314.2
51,2084.6,2,39,Suburb,3976.4,368874.96
52,2053.0,1,50,Rural,2850.0,335417.92
53,1574.3,3,13,Suburb,2762.4,333228.3
54,2336.8,6,35,Downtown,4559.9,565981.41
55,1725.0,5,13,Rural,2523.9,321606.05
56,1527.9,3,34,Downtown,,382753.95
57,1776.0,6,69,Rural,2288.5,349171.05
58,1324.6,2,68,Rural,2594.9,183686.92
59,2493.0,6,51,Suburb,4401.1,440700.57
60,2150.1,3,21,Suburb,6126.0,414351.81
61,2364.2,3,19,Downtown,3360.6,522689.23
62,964.5,1,31,Suburb,1290.5,208417.12
63,1937.5,6,61,Suburb,3461.6,377829.48
64,1313.8,4,70,Downtown,3842.6,278598.05
65,1826.9,3,78,Suburb,3765.1,341247.32
66,2539.4,4,76,Suburb,7040.5,476421.58
67,1929.2,2,68,Suburb,2462.3,359954.7
68,1669.7,6,55,Suburb,4374.6,353710.81
69,2447.0,6,11,Suburb,6073.9,561532.58
70,2381.5,6,9,Suburb,7043.2,536311.49
71,2884.0,1,52,Suburb,4420.1,463732.29
72,658.7,4,70,Suburb,923.7,138544.18
73,1971.5,3,32,Rural,5826.7,383132.52
74,1525.2,3,5,Rural,4395.8,306502.12
75,1250.4,5,35,Rural,2658.0,293926.73
76,1844.2,6,69,Downtown,,418555.47
77,1077.6,4,14,Downtown,2888.1,338374.03
78,435.1,4,72,Downtown,,116557.71
79,1233.7,6,10,Downtown,2515.2,374530.68
80,1618.4,5,9,Suburb,2015.6,357305.98
81,2895.0,4,77,Downtown,,561256.22
82,1342.3,4,39,Suburb,3415.7,247419.05
83,1074.0,3,36,Downtown,2425.1,292668.16
84,588.7,5,25,Suburb,1509.8,184945.77
85,1564.2,3,13,Suburb,3230.8,317581.11
86,1631.1,5,76,Downtown,2650.0,340056.91
87,1864.1,4,37,Suburb,5423.6,355194.19
88,907.6,5,44,Suburb,1220.7,234555.68
89,1317.9,4,36,Downtown,2222.0,308662.04
90,414.8,6,13,Suburb,651.1,196337.76
91,1876.1,4,12,Downtown,4309.2,417667.26
92,833.6,5,58,Rural,1695.6,165197.0
93,400.0,5,59,Suburb,891.9,127090.74
94,2471.4,5,62,Suburb,5043.8,512776.17
95,2078.4,4,50,Suburb,4781.0,394633.27
96,1986.0,2,52,Rural,,312821.8
97,1985.6,5,57,Rural,3706.7,325821.53
98,1154.1,2,52,Suburb,2522.7,239962.96
99,2419.5,3,67,Suburb,5550.2,437164.66
100,1146.4,6,8,Rural,2278.8,257875.87
101,2922.3,5,70,Suburb,3779.1,540854.59
102,1910.9,5,49,Suburb,4700.7,396553.01
103,668.8,2,79,Rural,1406.0,73787.52
104,2296.8,3,51,Rural,6741.2,436150.45
105,2959.4,3,56,Downtown,5381.2,547653.35
106,1622.8,2,35,Suburb,3934.3,337868.81
107,2415.4,2,78,Downtown,3082.2,463289.02
108,1648.5,1,67,Rural,4013.6,245861.14
109,1399.0,6,79,Downtown,1848.0,333561.06
110,400.0,2,13,Suburb,922.1,111561.54
111,2517.7,4,15,Suburb,5898.5,538480.02
112,1508.8,5,20,Downtown,3747.2,409448.21
113,2004.0,6,31,Suburb,4211.1,394106.27
114,1095.8,5,48,Suburb,2270.6,241838.78
115,1230.8,4,38,Downtown,1739.8,322303.68
116,2446.7,6,32,Suburb,4046.6,523700.77
117,1544.4,6,37,Suburb,4094.9,347546.04
118,1535.6,5,78,Suburb,4486.0,293673.22
119,1019.9,5,7,Rural,1838.2,265732.54
120,1902.5,6,65,Rural,4125.9,325206.03
121,2244.0,6,31,Downtown,3840.4,598797.11
122,1500.3,6,58,Suburb,2562.3,303815.93
123,1664.2,2,63,Downtown,4372.4,327628.34
124,1044.1,3,41,Rural,2821.4,208746.57
125,2619.1,6,40,Rural,6053.4,537303.7
126,1405.7,3,63,Suburb,3886.6,297150.2
127,1683.8,2,53,Downtown,2035.0,410045.2
128,2789.0,4,72,Rural,,498398.19
129,1641.4,5,55,Suburb,2274.6,337582.45
130,845.1,3,4,Suburb,1047.9,224918.32
131,1221.2,4,50,Suburb,1719.7,252570.36
132,1562.3,1,32,Rural,,249085.0
133,2849.8,3,1,Suburb,6192.8,622865.65
134,1912.9,5,52,Suburb,2497.1,438287.13
135,1643.4,1,30,Downtown,4671.5,370928.86
136,2277.5,3,40,Rural,,403427.84
137,2563.8,1,59,Suburb,7612.5,436556.16
138,1322.9,1,79,Downtown,3281.0,221807.82
139,2642.6,1,29,Suburb,4393.1,472526.86
140,2296.8,3,29,Downtown,3594.0,498814.42
141,2050.5,4,77,Suburb,5476.2,377185.52
142,400.0,4,23,Suburb,894.1,101224.93
143,1898.7,4,76,Downtown,,358077.55
144,2620.8,5,55,Downtown,4415.2,590499.21
145,1616.0,1,40,Rural,2300.7,315079.08
146,3173.6,1,77,Suburb,7195.6,484330.99
147,1825.9,1,78,Suburb,5120.6,296618.52
148,1168.6,6,75,Rural,2176.3,238835.35
149,2139.7,1,16,Downtown,2671.3,440108.97
150,1959.6,1,79,Suburb,5660.8,283436.19
151,2285.0,4,38,Downtown,6158.1,516082.78
152,1648.5,1,6,Rural,2079.4,296836.67
153,2569.1,5,74,Rural,4381.7,438052.45
154,1447.5,5,62,Suburb,2734.9,340838.03
155,1862.8,6,7,Suburb,5537.3,473046.69
156,1030.4,5,1,Suburb,1296.4,293032.37
157,1300.6,3,40,Suburb,3891.4,262378.09
158,1906.6,5,79,Suburb,4421.6,353134.35
159,1387.2,5,33,Downtown,2662.8,394963.66
160,1512.3,1,70,Suburb,,244899.06
161,1659.4,2,31,Suburb,3975.6,366753.2
162,1937.4,4,72,Suburb,3410.5,397191.6
163,2247.9,1,34,Suburb,3909.0,399473.58
164,2249.2,5,65,Suburb,5905.0,458079.41
165,2404.1,4,48,Suburb,4286.1,511890.01
166,1909.1,5,46,Rural,5075.4,381083.77
167,1455.4,2,73,Downtown,2635.8,284342.39
168,825.5,2,71,Suburb,2004.6,131777.56
169,1575.0,3,4,Suburb,1892.0,337017.66
170,1303.6,4,11,Suburb,2832.3,306822.03
171,686.1,1,11,Downtown,1368.2,217204.71
172,2783.9,3,29,Suburb,7264.7,531906.07
173,671.6,5,54,Suburb,1542.4,187157.01
174,2001.6,4,14,Downtown,4763.1,524465.0
175,2122.7,6,43,Suburb,3208.4,430534.77
176,1644.1,2,72,Suburb,,244806.35
177,3354.4,5,57,Downtown,9008.2,713934.3
178,1798.9,6,61,Rural,,342143.06
179,1321.7,1,67,Suburb,3149.8,232540.85
180,2854.5,2,65,Downtown,4814.3,551339.74
181,1301.1,2,65,Rural,2204.1,209084.2
182,915.5,5,37,Downtown,2006.4,257267.47
183,1176.3,2,25,Rural,,245089.67
184,1396.8,4,43,Suburb,1993.2,339173.31
185,1814.2,6,17,Downtown,5037.9,448624.02
186,1991.4,5,49,Downtown,4955.3,393077.05
187,862.7,3,49,Downtown,1334.2,224985.19
188,1999.1,2,14,Suburb,5754.2,388043.74
189,3143.1,1,4,Suburb,7007.8,611231.92
190,1352.5,6,35,Suburb,2766.7,316169.05
191,1706.5,5,47,Suburb,4702.2,370386.46
192,2209.3,5,37,Suburb,3062.4,532095.64
193,2519.0,2,49,Rural,3437.4,419451.1
194,1380.5,6,29,Downtown,4083.6,375706.61
195,1201.4,1,38,Downtown,1704.4,297996.15
196,1173.1,3,68,Suburb,2355.1,165987.68
197,2453.4,3,68,Rural,7255.9,440306.55
198,2334.1,4,17,Downtown,4125.3,527306.02
199,469.8,1,5,Rural,1347.6,53727.41
200,485.0,4,74,Downtown,724.3,136945.39
201,1033.7,3,1,Rural,2886.4,237217.91
202,873.7,4,26,Suburb,1050.5,237422.55
203,2035.7,3,74,Rural,4295.8,372781.69
204,1920.3,6,62,Suburb,5536.7,406178.23
205,2979.2,2,67,Suburb,7755.1,511808.06
206,2270.1,6,28,Suburb,5508.0,503114.34
207,1860.9,4,2,Downtown,3829.4,471103.21
208,2505.2,6,21,Downtown,,661708.63
209,1243.5,5,57,Suburb,3094.5,207098.07
210,935.8,1,10,Downtown,1393.4,308813.55
211,1806.8,3,46,Downtown,4500.5,433658.61
212,2358.5,2,18,Downtown,6271.7,536071.23
213,800.6,2,11,Downtown,1933.6,247976.64
214,2331.6,3,29,Rural,3788.2,416233.8
215,2310.1,4,33,Suburb,4398.1,439506.95
216,1481.7,6,4,Suburb,2342.8,323888.18
217,1889.9,3,47,Rural,3537.4,393423.53
218,1620.0,5,30,Downtown,3130.0,443342.39
219,1836.2,2,48,Rural,4861.4,332706.69
220,2278.7,4,31,Suburb,5801.0,472985.17
221,1297.4,6,16,Suburb,1968.2,270019.92
222,2420.4,1,38,Rural,6424.2,408283.95
223,2317.1,2,0,Suburb,5702.6,477134.24
224,2339.6,6,7,Downtown,4208.0,611954.64
225,586.5,3,5,Downtown,1319.7,201688.24
226,652.2,4,47,Suburb,910.2,163432.87
227,2208.5,2,19,Downtown,3309.4,490497.38
228,1429.5,2,69,Downtown,2396.7,312801.77
229,1365.8,5,25,Rural,3544.2,264288.46
230,1320.8,1,57,Rural,2023.5,211370.41
231,968.7,4,16,Suburb,1643.6,243066.12
232,1611.9,2,24,Suburb,3427.9,273024.67
233,1346.3,6,27,Suburb,,356890.15
234,1387.0,1,1,Suburb,2184.6,355189.24
235,2078.4,2,8,Rural,4453.2,369240.96
236,1065.9,2,25,Suburb,3194.3,258514.41
237,2472.0,5,31,Downtown,5223.1,542607.89
238,431.4,5,34,Downtown,1187.6,185229.26
239,3315.2,5,26,Rural,8985.4,685646.59
240,957.1,3,3,Suburb,1411.6,244236.76
241,2142.0,1,23,Rural,4485.7,422383.68
242,2343.1,2,4,Rural,4655.9,453463.83
243,1784.0,2,30,Suburb,4763.2,379586.53
244,2240.4,6,36,Downtown,5516.2,531409.32
245,1720.3,6,69,Suburb,4016.0,392920.17
246,711.5,5,4,Downtown,2001.9,327776.19
247,1996.7,3,63,Downtown,2788.6,450992.22
248,2484.6,3,15,Downtown,3511.8,547182.75
249,1449.7,1,10,Suburb,3005.9,286971.8
250,750.3,1,73,Suburb,1785.0,88273.66
251,1418.6,1,7,Suburb,3404.1,311394.26
252,1984.7,5,19,Rural,5454.5,418168.11
253,1970.6,2,44,Downtown,2989.1,413007.93
254,2461.0,2,3,Suburb,3418.1,523451.49
255,2126.9,4,6,Suburb,3888.9,442753.02
256,2095.9,2,38,Suburb,5131.3,451522.52
257,563.7,1,64,Suburb,981.2,112511.62
258,3147.2,6,20,Downtown,7886.4,758582.52
259,1816.4,1,29,Suburb,3962.6,326487.22
260,2313.4,1,69,Downtown,3979.7,432041.91
261,1574.9,6,78,Rural,3473.7,237783.27
262,1693.8,5,47,Suburb,3446.1,374338.15
263,1823.0,2,29,Rural,4961.5,298254.3
264,2749.3,6,36,Suburb,7272.1,605801.18
265,2713.7,5,43,Downtown,4385.8,607545.96
266,2164.9,6,69,Suburb,3444.2,454726.64
267,3000.8,5,5,Suburb,8169.2,593518.78
268,1546.1,4,29,Suburb,4217.2,317411.01
269,2104.5,5,13,Suburb,5795.0,466073.95
270,1509.3,5,42,Suburb,2823.2,348348.26
271,2580.4,4,14,Downtown,3688.2,557694.77
272,1811.0,2,35,Rural,3952.6,331934.26
273,2387.3,3,75,Suburb,6958.9,408939.4
274,2843.7,5,10,Rural,6414.6,589435.29
275,521.4,5,79,Rural,1267.7,80268.09
276,3118.0,1,1,Suburb,3909.2,597904.94
277,1985.1,3,51,Downtown,3848.3,453525.28
278,1594.9,3,65,Suburb,2420.6,330824.34
279,617.2,5,50,Suburb,831.0,153263.7
280,1605.3,4,64,Downtown,2559.7,407498.85
281,400.0,5,61,Downtown,687.3,143128.24
282,1845.0,6,23,Rural,3875.7,395225.04
283,1686.9,1,35,Suburb,3884.4,286780.34
284,2908.7,5,25,Suburb,6324.9,600934.19
285,1591.0,1,74,Downtown,2932.7,300204.07
286,2449.0,1,64,Suburb,3611.2,430089.89
287,2506.7,4,18,Rural,5243.8,504285.7
288,3057.2,3,0,Downtown,8613.5,653237.84
289,1640.2,3,72,Rural,4621.8,221357.47
290,2259.1,6,4,Downtown,6430.6,564036.79
291,860.3,4,1,Downtown,,310391.45
292,1112.2,5,25,Suburb,2483.1,278031.47
293,1625.2,4,47,Downtown,3466.8,366718.31
294,1778.8,4,62,Rural,2843.2,339537.28
295,1047.3,3,49,Downtown,2661.3,266168.84
296,1540.2,2,63,Downtown,3461.0,359735.8
297,2224.0,1,60,Suburb,4277.8,367475.09
298,1513.5,1,25,Downtown,,368024.29
299,1698.9,4,14,Downtown,2590.3,467823.27
300,1247.3,3,6,Suburb,,270400.42
301,2643.3,2,27,Suburb,5625.3,501127.67
302,2887.9,6,24,Suburb,7501.8,621295.32
303,1920.7,4,73,Rural,2703.2,346356.32
304,1724.5,2,59,Downtown,4170.1,384965.23
305,2818.6,1,15,Rural,7844.4,506129.35
306,2089.5,5,30,Suburb,2623.0,399207.14
307,1383.7,6,23,Rural,4093.1,303867.2
308,966.3,2,66,Downtown,1264.8,196165.92
309,1433.3,2,46,Suburb,3598.0,276542.65
310,3145.5,1,12,Downtown,6797.1,595806.76
311,1431.0,6,79,Downtown,2517.0,392093.87
312,3573.1,4,3,Suburb,6546.0,774986.31
313,1794.9,5,26,Suburb,2269.6,405613.52
314,1663.3,3,37,Suburb,4265.6,312031.08
315,2610.3,3,13,Downtown,3234.8,579236.52
316,1645.6,3,2,Suburb,4821.2,388634.61
317,2029.7,4,9,Rural,5980.8,427076.75
318,1156.9,1,38,Downtown,3128.8,260131.22
319,1031.0,2,79,Suburb,1473.0,205371.04
320,1342.9,2,5,Rural,3112.6,284849.46
321,1934.0,1,20,Suburb,5147.8,390485.07
322,1388.2,3,17,Suburb,2677.1,294234.1
323,588.8,3,59,Downtown,1155.7,182288.03
324,2090.3,2,4,Downtown,5492.2,470349.73
325,1696.0,1,5,Rural,2099.0,321438.6
326,1625.4,4,48,Suburb,3048.7,312440.04
327,1420.2,2,34,Downtown,3860.6,375032.42
328,411.5,5,22,Rural,1086.7,118773.52
329,2776.0,1,46,Rural,7959.9,479535.07
330,1502.2,1,57,Suburb,4146.8,273661.59
331,2122.4,4,58,Downtown,3311.9,480151.63
332,2655.3,5,43,Suburb,7608.6,493094.11
333,2493.2,5,50,Rural,4106.8,502724.14
334,1922.8,4,61,Downtown,4213.0,435274.28
335,1804.0,6,33,Rural,4035.3,355120.98
336,1987.0,3,22,Suburb,,380300.78
337,2356.9,2,13,Suburb,5462.5,450956.78
338,2155.0,5,70,Suburb,3477.1,401255.17
339,1523.4,6,33,Downtown,4210.3,410191.53
340,2075.8,4,29,Suburb,3046.6,404970.23
341,2031.3,4,37,Suburb,5156.8,416690.17
342,2226.6,5,26,Downtown,2688.0,534727.95
343,1925.0,1,25,Downtown,5410.9,410103.53
344,2642.4,1,3,Downtown,7348.8,639542.44
345,1922.9,3,11,Suburb,,402180.78
346,2346.1,1,76,Suburb,5148.8,408447.99
347,1825.9,6,70,Downtown,3780.4,433935.56
348,1445.4,6,41,Suburb,4159.6,324013.21
349,1216.5,5,15,Downtown,2097.5,377337.68
350,1701.2,6,7,Rural,2275.5,413306.59
351,2129.1,5,30,Downtown,4076.6,507322.22
352,2579.7,1,25,Downtown,4532.5,523112.5
353,1744.0,5,36,Suburb,2915.7,389739.69
354,1479.1,1,74,Suburb,3841.7,184940.36
355,1486.3,6,13,Rural,2810.1,335202.12
356,2593.8,4,47,Suburb,3769.3,500339.68
357,1864.5,4,62,Suburb,2858.9,369791.14
358,1491.1,1,51,Suburb,4123.7,225545.7
359,2255.0,1,12,Suburb,4590.1,427865.23
360,986.1,3,35,Suburb,1541.3,186376.48
361,1871.1,1,66,Suburb,3853.2,307236.44
362,1773.0,4,36,Downtown,2477.3,443783.42
363,1716.7,4,2,Rural,3542.9,352422.28
364,1089.1,4,49,Suburb,1775.2,216006.35
365,2403.7,2,1,Suburb,4543.3,521143.55
366,2835.0,4,27,Downtown,8153.2,626888.55
367,984.5,6,41,Suburb,2039.1,188679.21
368,1873.4,4,70,Suburb,4737.6,325724.11
369,2196.5,6,42,Suburb,3921.0,473308.78
370,3189.0,3,63,Suburb,4931.7,597723.66
371,1543.3,4,36,Rural,2816.5,301768.52
372,1215.9,2,26,Rural,1923.0,228879.41
373,1796.9,4,73,Suburb,,312965.29
374,3038.8,2,49,Rural,7329.6,526302.34
375,1842.4,1,60,Suburb,3089.9,288753.52
376,1962.6,6,22,Suburb,4839.7,414243.72
377,2891.9,5,65,Rural,6137.8,498688.47
378,485.7,5,26,Downtown,1277.4,192594.74
379,466.6,3,62,Suburb,1199.6,86463.39
380,2358.0,2,14,Suburb,6827.4,461222.44
381,2276.4,5,65,Rural,5544.0,390688.53
382,946.8,4,33,Downtown,1244.9,310081.52
383,2118.3,3,64,Downtown,3851.4,438559.83
384,1825.2,4,50,Rural,3494.0,375386.04
385,1933.5,5,71,Suburb,5357.3,403131.13
386,1305.0,3,68,Downtown,3602.2,267471.26
387,1521.0,1,60,Suburb,2419.6,287512.55
388,1260.3,6,43,Suburb,3549.7,252685.26
389,1831.3,6,14,Suburb,3562.0,460086.38
390,1657.7,1,65,Downtown,3998.2,351958.02
391,2835.0,5,41,Downtown,6814.5,596942.09
392,2186.3,2,44,Rural,4319.3,318315.51
393,831.6,3,56,Suburb,1839.3,155053.95
394,2055.7,6,1,Rural,4210.3,404507.63
395,2681.0,3,40,Suburb,6512.3,543495.21
396,1973.1,2,15,Downtown,5302.9,421889.42
397,2468.1,2,40,Downtown,5372.2,516447.86
398,1778.9,3,66,Suburb,4945.7,340807.63
399,2233.4,4,25,Suburb,4699.6,458229.33
400,1224.6,3,22,Rural,1587.8,244200.39
401,2283.8,6,13,Suburb,5191.2,494845.77
402,951.8,6,6,Downtown,1697.4,348119.48
403,2595.0,3,72,Downtown,6559.2,502794.82
404,868.8,5,5,Rural,1486.8,227803.58
405,498.5,2,29,Suburb,1176.3,84585.88
406,2126.3,2,27,Suburb,3288.2,417475.11
407,1693.8,3,2,Rural,4009.5,307766.04
408,1870.1,4,57,Suburb,4269.3,357807.92
409,2063.1,3,28,Suburb,,428414.63
410,1783.2,4,21,Suburb,2244.6,414230.05
411,1255.5,3,79,Suburb,2525.0,171207.96
412,1929.9,2,54,Suburb,4905.8,331584.1
413,2013.7,4,1,Suburb,4036.3,412635.36
414,2103.1,6,41,Suburb,3629.9,477055.89
415,3022.2,5,79,Downtown,7724.3,598905.44
416,1347.7,4,54,Downtown,3260.5,351335.91
417,1841.3,5,15,Suburb,3677.7,393590.61
418,2144.4,4,52,Suburb,5822.3,377259.26
419,1524.9,1,2,Downtown,3694.3,377600.26
420,1062.5,2,32,Rural,3177.8,154857.64
421,1450.8,6,79,Suburb,3459.2,312034.19
422,2454.9,2,50,Suburb,7213.7,473549.94
423,1634.2,3,20,Rural,4129.6,348722.58
424,2176.5,3,1,Suburb,4375.9,428656.54
425,1348.1,3,77,Suburb,1639.3,282587.83
426,2074.5,6,2,Downtown,5237.5,560057.48
427,1384.2,4,20,Downtown,2729.3,319406.77
428,1281.6,1,61,Suburb,3529.9,278701.74
429,1869.1,6,28,Suburb,5217.6,459497.78
430,1832.0,3,17,Suburb,4946.0,351522.34
431,2706.8,1,78,Suburb,5918.4,467820.55
432,800.3,6,19,Downtown,1870.7,251593.8
433,2113.2,6,20,Rural,4975.6,430363.0
434,2791.8,4,79,Suburb,5592.7,514249.37
435,2638.0,5,65,Suburb,5073.9,523134.34
436,1563.7,4,49,Downtown,4629.9,352294.6
437,1380.6,4,67,Suburb,1659.7,265144.11
438,1495.4,6,69,Suburb,4130.3,283015.81
439,1985.1,3,31,Downtown,2850.5,465677.0
440,1916.5,1,49,Downtown,2687.1,420906.02
441,2015.1,4,9,Downtown,,494292.4
442,2168.3,2,58,Suburb,2660.1,423537.43
443,1141.5,5,64,Rural,2728.4,228428.98
444,1105.8,6,79,Suburb,1806.7,239891.3
445,1045.1,3,12,Suburb,2869.0,275103.95
446,974.0,4,12,Rural,2159.0,177824.94
447,1738.9,6,29,Suburb,2805.5,387560.17
448,1991.6,2,19,Rural,4482.6,316035.01
449,3358.3,4,16,Suburb,8459.9,667256.54
450,2128.2,3,35,Downtown,5804.2,464238.86
451,1810.5,3,71,Suburb,2235.9,350511.84
452,2673.3,2,4,Downtown,7658.5,579025.8
453,1348.0,6,22,Suburb,3620.1,306798.33
454,2008.9,2,34,Downtown,3251.8,442043.63
455,2399.2,1,43,Suburb,5478.9,431167.36
456,2284.0,4,30,Suburb,4895.6,476027.77
457,2048.5,6,53,Suburb,4692.5,398522.19
458,1585.4,3,8,Suburb,2599.5,302330.05
459,1035.8,3,21,Suburb,2964.1,189174.84
460,1705.6,5,66,Downtown,4215.0,429133.42
461,1433.5,1,45,Rural,3182.4,194282.57
462,2223.9,2,77,Rural,6462.6,341833.07
463,1716.1,5,57,Suburb,3203.9,316674.72
464,2145.6,3,52,Suburb,4651.5,429466.68
465,809.9,2,78,Suburb,1894.4,113625.18
466,2398.7,3,50,Downtown,,546430.35
467,1275.5,3,34,Downtown,2299.8,305158.62
468,838.8,3,2,Suburb,1904.9,223086.13
469,953.2,4,27,Downtown,1878.5,305950.05
470,1413.5,3,24,Suburb,3545.7,325310.64
471,2491.2,6,27,Suburb,4617.9,492781.96
472,2238.8,3,54,Suburb,4500.7,409923.13
473,1078.0,5,44,Rural,2437.0,211937.16
474,1853.2,5,73,Downtown,2842.6,366946.05
475,1735.4,3,25,Downtown,,435313.05
476,835.5,3,59,Suburb,2324.1,173832.33
477,1190.5,4,32,Suburb,2918.4,277344.0
478,546.6,1,32,Rural,1148.3,50000.0
479,1264.9,4,51,Downtown,,324639.12
480,400.0,3,48,Downtown,893.8,166657.85
481,1310.7,1,58,Suburb,2545.0,254028.29
482,1224.2,3,57,Downtown,2297.1,280384.77
483,1309.8,3,57,Downtown,3262.2,329012.57
484,1293.6,5,73,Downtown,3822.2,371334.0
485,2511.1,2,52,Suburb,5356.1,446951.64
486,1585.8,2,27,Rural,2433.4,273556.21
487,1948.3,1,11,Suburb,4718.5,373637.48
488,2264.1,6,54,Suburb,4554.7,419436.42
489,2353.7,2,53,Downtown,6429.6,479729.25
490,2218.2,1,79,Suburb,5674.5,415013.0
491,1459.6,1,17,Downtown,2687.5,323546.33
492,1125.4,4,17,Downtown,3018.1,319771.0
493,1321.6,2,67,Suburb,2856.1,264582.76
494,1509.5,5,67,Suburb,3732.3,316940.61
495,1803.0,2,71,Suburb,2362.4,320838.61
496,1747.2,4,26,Downtown,2969.9,419715.94
497,2473.4,4,22,Downtown,6777.9,560115.45
498,1736.6,6,37,Rural,2150.9,351497.23
499,2901.3,3,76,Suburb,7070.3,538780.63
500,2432.7,3,25,Downtown,6972.9,543463.28
501,1503.8,1,50,Rural,4085.9,263638.32
502,2328.6,1,24,Downtown,3433.3,447818.0
503,400.0,6,58,Suburb,571.6,144428.74
504,2646.0,5,15,Suburb,4965.4,538080.42
505,2052.7,5,58,Rural,2685.5,377563.56
506,2043.8,4,18,Rural,4712.4,387911.62
507,765.9,5,53,Rural,1826.7,167886.63
508,3347.7,2,5,Suburb,8127.0,648783.57
509,1643.6,4,10,Rural,4414.5,352123.92
510,1711.9,4,19,Downtown,3039.9,406747.85
511,2491.0,5,47,Suburb,3056.0,501311.24
512,1680.8,1,28,Suburb,2558.7,353304.83
513,1277.6,2,78,Suburb,3422.7,244589.85
514,2204.1,3,48,Rural,3232.7,379679.7
515,1177.5,5,66,Downtown,1638.1,306494.45
516,2255.8,2,66,Suburb,5497.2,390430.13
517,1884.3,3,36,Suburb,4327.6,369487.25
518,2491.7,2,56,Downtown,7101.3,512592.77
519,1056.5,2,78,Suburb,2811.0,207496.33
520,2564.3,5,37,Rural,7127.0,504420.6
521,1980.2,2,72,Downtown,5591.2,446005.5
522,3011.5,4,34,Rural,3681.6,601984.86
523,1400.1,5,35,Suburb,4074.2,275556.63
524,2939.5,3,32,Suburb,4921.5,574893.53
525,2231.7,3,67,Downtown,3053.2,455145.0
526,2284.1,3,64,Suburb,6452.2,374944.92
527,1353.5,6,21,Suburb,2349.3,296960.1
528,2142.4,3,64,Suburb,3127.0,380213.8
529,2211.0,6,11,Downtown,4906.9,596346.55
530,1290.0,3,13,Suburb,3467.6,288978.62
531,1089.9,6,40,Rural,1944.4,227123.03
532,1325.5,3,48,Rural,3634.0,230682.33
533,2697.3,3,64,Rural,7938.6,443307.12
534,1896.0,1,39,Downtown,4098.6,413042.65
535,2374.7,4,55,Rural,3836.3,423531.36
536,1977.2,1,77,Downtown,3435.3,343722.73
537,1871.3,4,24,Downtown,2813.4,438685.18
538,1936.2,1,62,Suburb,3862.3,427460.98
539,1547.9,1,39,Rural,2963.9,273045.69
540,2549.1,4,51,Downtown,4395.1,548384.13
541,1906.1,5,61,Downtown,3673.7,456702.8
542,1937.9,3,59,Suburb,3239.4,335054.19
543,950.6,5,58,Rural,2609.1,181538.55
544,1989.4,4,73,Suburb,5667.3,394717.15
545,1385.7,2,75,Downtown,2747.4,251843.02
546,1492.5,2,36,Suburb,2103.1,270177.45
547,2435.9,3,11,Rural,4208.3,453704.0
548,1129.8,2,33,Downtown,2747.4,280053.48
549,1677.2,4,59,Rural,4969.9,282874.19
550,2185.6,6,22,Rural,5597.7,453254.77
551,2506.5,6,53,Suburb,3304.5,533674.08
552,1481.8,2,10,Rural,2707.0,291380.66
553,1995.8,3,22,Suburb,2636.0,433792.91
554,1975.2,4,19,Rural,4367.1,415338.92
555,1107.3,6,76,Suburb,2116.6,216707.96
556,487.1,1,4,Downtown,976.3,193744.63
557,617.4,1,39,Suburb,1057.8,107921.66
558,2167.7,2,53,Suburb,2950.9,414750.39
559,1862.6,4,51,Suburb,4859.7,357961.65
560,977.8,5,15,Downtown,1778.8,307596.43
561,1407.2,2,79,Downtown,1866.3,343018.71
562,1554.4,3,6,Downtown,2431.0,395738.73
563,1580.1,6,43,Suburb,2037.2,305143.53
564,1781.1,2,71,Suburb,4940.6,314209.97
565,3153.2,2,53,Suburb,4761.0,582237.97
566,1320.1,2,21,Suburb,3814.8,259084.58
567,1887.4,1,46,Suburb,,342499.74
568,1327.4,5,73,Suburb,1885.0,291465.08
569,1414.1,3,67,Suburb,3706.8,246282.08
570,1259.7,6,44,Suburb,1999.5,284262.25
571,1658.2,5,53,Suburb,4116.4,321628.71
572,1460.6,4,4,Suburb,4293.4,346639.9
573,2013.7,5,11,Rural,4096.0,409409.78
574,1930.0,6,62,Rural,3062.8,338583.07
575,1251.9,3,4,Rural,2989.1,253790.45
576,2975.3,6,40,Downtown,6829.5,711955.87
577,1082.5,5,72,Suburb,1773.8,173638.54
578,2017.5,3,26,Downtown,4377.8,428161.96
579,3129.1,1,60,Rural,6616.4,530781.19
580,1362.2,2,48,Suburb,2641.7,218371.83
581,2612.4,3,10,Downtown,,640988.13
582,2669.8,1,71,Downtown,7635.6,478194.74
583,2007.1,6,69,Suburb,4794.2,365796.76
584,666.3,6,15,Suburb,1292.0,194699.48
585,2670.2,1,52,Suburb,5911.8,505720.65
586,1856.2,6,45,Suburb,4321.3,417909.07
587,1464.2,2,48,Rural,4048.0,260297.1
588,2581.9,2,77,Suburb,5190.6,457923.67
589,1355.2,3,60,Suburb,3612.7,291873.73
590,2452.2,5,15,Suburb,3641.8,468511.86
591,1463.4,2,74,Suburb,3677.7,258742.04
592,2128.0,1,11,Suburb,5243.1,454627.37
593,1139.7,4,24,Downtown,1392.8,292702.8
594,1556.7,5,17,Suburb,3672.6,364038.41
595,1238.1,3,4,Suburb,1649.9,319094.5
596,1363.2,4,18,Suburb,3866.7,341752.66
597,1914.0,4,54,Downtown,4208.9,430577.52
598,1694.7,4,27,Suburb,2491.8,410018.35
599,1914.8,1,24,Downtown,4821.2,439259.57
600,2585.7,4,13,Suburb,4372.8,561388.46
601,1729.2,5,57,Suburb,2290.0,321064.91
602,659.5,3,35,Suburb,1458.2,132955.02
603,1622.9,3,54,Rural,4284.0,259142.37
604,1848.6,2,6,Suburb,4595.2,429990.62
605,2423.7,1,54,Suburb,6411.8,366346.77
606,2433.0,6,73,Rural,6031.0,394483.28
607,2381.9,4,65,Suburb,4510.0,470432.31
608,1660.0,5,73,Downtown,2642.1,387512.83
609,2195.0,2,12,Suburb,3973.2,357866.84
610,915.5,4,31,Downtown,2470.3,264472.64
611,2591.6,2,14,Suburb,3218.0,499934.68
612,2068.1,5,42,Suburb,2769.2,457879.08
613,2110.7,5,41,Suburb,6023.4,381205.64
614,1567.2,2,26,Suburb,1909.7,298620.65
615,1833.7,1,13,Downtown,4032.7,449846.46
616,1389.7,3,78,Rural,3908.1,237168.02
617,2146.7,6,40,Suburb,4589.9,427740.52
618,985.6,6,18,Downtown,2502.6,315813.44
619,2394.9,2,21,Suburb,3003.6,426346.52
620,2132.8,4,63,Suburb,5393.8,442860.12
621,3040.6,4,78,Downtown,,603856.53
622,1775.9,2,8,Suburb,4155.1,401614.63
623,1742.6,1,67,Suburb,,317655.31
624,1918.1,3,29,Suburb,4406.7,361509.05
625,1822.2,6,63,Suburb,4688.6,369815.77
626,1733.9,5,61,Rural,,335357.33
627,1123.8,6,69,Suburb,1504.5,254733.56
628,1122.1,1,79,Downtown,3135.8,274940.08
629,1452.5,4,19,Downtown,3605.1,413301.64
630,1621.6,5,6,Suburb,3537.6,385888.13
631,1072.5,2,42,Downtown,2708.3,288608.83
632,1088.2,4,17,Suburb,2769.9,239827.86
633,1625.7,3,49,Downtown,3563.4,358907.64
634,2254.0,5,20,Rural,6192.6,464725.87
635,1682.7,4,3,Suburb,4666.1,387949.33
636,2215.3,2,50,Downtown,5881.7,438252.9
637,2395.5,2,19,Rural,3829.9,436556.81
638,2270.5,6,57,Suburb,4305.2,438306.93
639,1541.6,4,65,Suburb,4404.7,282547.95
640,1551.9,2,78,Rural,3444.1,268934.08
641,657.2,6,20,Rural,989.7,147291.54
642,1381.1,2,23,Downtown,3662.0,324793.62
643,2086.6,1,72,Rural,3163.4,338884.47
644,1133.4,2,56,Downtown,3326.0,270365.32
645,2629.3,2,37,Suburb,6279.1,499261.15
646,2678.4,1,6,Suburb,7784.6,480232.52
647,1573.8,6,40,Downtown,2775.0,409304.83
648,2365.0,5,37,Suburb,6595.1,473074.77
649,931.4,6,9,Downtown,1631.1,300348.05
650,1157.3,2,31,Rural,1547.7,189940.06
651,1571.7,1,68,Downtown,4020.1,316529.92
652,1805.3,3,48,Suburb,5194.7,371357.82
653,1686.0,1,32,Downtown,4826.4,428539.83
654,1271.6,4,18,Downtown,1832.0,354533.0
655,3004.6,4,17,Downtown,6611.4,704608.58
656,1978.3,1,22,Suburb,4750.6,382243.71
657,1975.5,6,13,Suburb,3487.4,406505.41
658,2217.3,1,44,Suburb,5576.7,403984.75
659,1907.5,6,13,Suburb,3583.0,469323.29
660,1658.3,1,54,Suburb,4574.4,330787.92
661,1458.9,1,62,Suburb,3227.1,225800.41
662,796.7,3,48,Downtown,1571.9,287761.06
663,2715.5,3,29,Suburb,5707.9,509644.58
664,1235.7,3,76,Rural,2404.3,171169.45
665,781.0,4,47,Rural,1618.7,133069.33
666,1305.1,5,11,Suburb,3207.4,355278.15
667,818.5,6,27,Suburb,1466.8,236878.44
668,3021.6,6,44,Rural,,601967.89
669,2023.7,3,74,Suburb,4906.5,304465.17
670,2663.0,6,41,Downtown,5352.3,604039.73
671,2690.9,1,41,Downtown,7412.2,547447.1
672,2148.3,3,9,Suburb,2664.9,464554.26
673,2150.9,1,37,Downtown,5547.9,444218.57
674,1357.3,4,16,Suburb,2364.6,341332.88
675,1748.4,4,75,Rural,4663.4,277640.3
676,1429.9,6,11,Suburb,2546.7,312785.88
677,1826.1,1,65,Suburb,2594.4,268844.93
678,1371.6,2,73,Rural,3242.5,240563.35
679,2575.9,4,78,Suburb,4072.9,493109.98
680,2268.2,3,36,Rural,5980.6,391825.56
681,1734.8,4,61,Downtown,3810.5,426419.42
682,776.5,1,55,Rural,,98797.11
683,2219.4,4,18,Downtown,5357.0,519177.81
684,2341.6,2,58,Downtown,4718.3,444852.29
685,1758.2,4,36,Suburb,4016.1,348388.93
686,1027.8,3,64,Suburb,1336.2,197557.16
687,2064.9,1,63,Downtown,2851.0,423715.14
688,2443.3,1,48,Suburb,4033.3,424586.3
689,626.1,5,18,Suburb,1330.8,214644.99
690,2146.8,5,73,Suburb,6042.4,450939.02
691,688.4,1,35,Suburb,837.0,113736.23
692,1848.3,1,55,Suburb,3090.2,337318.53
693,2869.3,4,10,Suburb,3910.3,545450.8
694,1856.2,2,40,Suburb,4966.7,364566.75
695,2093.9,1,35,Suburb,5847.3,362553.47
696,1603.2,6,68,Suburb,3520.5,326462.77
697,1795.9,3,44,Suburb,2864.0,355624.53
698,3238.4,3,28,Downtown,8701.5,678439.02
699,2616.3,5,14,Suburb,4700.6,577938.25
700,1607.7,3,45,Suburb,3717.5,295183.1
701,1566.9,6,47,Rural,4121.4,300423.57
702,1811.1,3,57,Suburb,3277.4,350847.39
703,3142.6,6,11,Downtown,4982.2,718200.6
704,1927.8,4,47,Suburb,2554.5,390929.65
705,2480.7,5,39,Suburb,7078.8,497100.78
706,1577.3,4,4,Suburb,1995.5,337864.95
707,1021.5,4,55,Downtown,2733.2,291687.83
708,2609.9,4,14,Suburb,7530.7,538689.89
709,1753.3,5,58,Rural,3420.5,349135.12
710,1320.5,5,1,Suburb,1905.3,364221.88
711,1376.4,1,34,Suburb,3355.7,251014.62
712,1389.6,1,45,Suburb,2159.3,233024.55
713,1428.9,1,13,Rural,2840.2,246664.28
714,858.3,5,39,Rural,1541.1,163277.88
715,2534.4,6,78,Suburb,6361.1,435691.56
716,2033.7,5,52,Suburb,5178.5,455090.7
717,2396.1,5,43,Downtown,5542.9,555143.38
718,1589.7,4,15,Downtown,3362.5,475116.96
719,2012.0,3,38,Suburb,5095.2,380326.93
720,1902.1,4,1,Suburb,2901.3,436954.05
721,2517.7,2,3,Downtown,3940.2,573396.11
722,2297.9,3,13,Suburb,3471.9,467547.59
723,2019.1,6,60,Downtown,3119.1,499426.48
724,1403.3,2,61,Downtown,,313325.6
725,1066.1,2,62,Suburb,1554.0,189548.78
726,1311.5,1,7,Rural,3761.4,247661.02
727,1412.9,2,57,Downtown,1875.0,258258.63
728,1470.9,3,1,Suburb,4234.3,312027.93
729,1044.9,6,36,Downtown,2746.3,299369.66
730,2813.9,4,54,Rural,6180.0,551959.34
731,1964.7,5,37,Downtown,4218.9,487731.96
732,569.0,5,26,Downtown,1499.4,251753.08
733,1133.4,6,65,Rural,2028.8,236021.69
734,982.0,3,38,Suburb,2616.6,204937.68
735,1945.6,6,74,Downtown,3848.2,491748.86
736,2450.8,5,75,Suburb,6484.3,459636.38
737,1198.2,6,47,Rural,2552.0,208822.58
738,2177.7,6,46,Suburb,6440.4,471159.81
739,1631.4,3,51,Suburb,3764.5,347177.38
740,2501.0,5,25,Suburb,5897.5,522108.92
741,2632.8,2,67,Downtown,4266.8,539067.0
742,1989.7,1,27,Rural,5963.0,373332.81
743,2237.9,4,27,Suburb,,499415.99
744,1798.1,6,15,Suburb,,429538.38
745,1572.3,3,14,Suburb,2892.9,383402.66
746,1091.2,4,42,Rural,,216085.68
747,1999.3,3,60,Downtown,,490057.77
748,1757.2,5,35,Downtown,2326.6,399359.16
749,1566.1,4,49,Suburb,2783.6,342963.6
750,1753.5,3,49,Suburb,4517.6,346974.09
751,1687.1,6,27,Downtown,4425.0,446294.65
752,1167.8,4,33,Rural,1565.0,195695.3
753,1478.5,4,67,Suburb,2881.7,314492.77
754,2495.5,4,47,Suburb,4920.5,481333.38
755,1658.1,3,60,Suburb,2506.5,285394.78
756,2649.8,6,61,Suburb,3887.6,508747.16
757,1097.8,2,2,Downtown,1951.7,305278.12
758,975.8,2,23,Suburb,1845.5,213420.25
759,1877.5,5,40,Downtown,4300.0,429215.47
760,2272.1,5,36,Suburb,5401.2,443440.82
761,1400.7,4,56,Suburb,3227.1,292649.33
762,2180.3,4,5,Downtown,4274.8,525750.68
763,2367.8,2,72,Suburb,3584.2,470117.63
764,2452.7,5,76,Suburb,3438.6,453439.6
765,1732.5,5,56,Downtown,2507.5,433221.0
766,1768.7,2,25,Downtown,4460.5,458535.59
767,796.2,1,18,Downtown,1229.5,225470.22
768,1814.0,4,28,Suburb,3723.1,407605.62
769,1970.7,1,12,Suburb,3235.9,395798.07
770,2658.9,1,30,Downtown,4457.6,556756.52
771,1027.2,2,77,Suburb,2609.7,214554.0
772,1285.5,5,57,Rural,3368.1,215106.16
773,1191.4,5,68,Downtown,2581.4,288706.44
774,2345.9,4,43,Suburb,5453.6,415603.35
775,400.0,4,33,Suburb,937.1,118773.73
776,1142.4,4,32,Downtown,3011.8,343069.76
777,3052.2,5,32,Rural,3670.4,575474.7
778,2198.8,5,25,Suburb,3702.3,487108.27
779,992.9,6,61,Rural,2610.7,177112.6
780,1763.6,2,58,Rural,5288.9,321727.64
781,2313.9,6,51,Downtown,5692.6,531279.58
782,2134.3,1,51,Rural,5727.4,339141.62
783,1665.6,6,21,Rural,2552.7,398748.46
784,1319.0,1,28,Downtown,1671.8,315645.52
785,2305.2,3,38,Rural,6659.0,433848.17
786,1796.1,1,25,Suburb,2939.9,347756.62
787,2291.4,4,78,Downtown,3890.4,500879.4
788,2041.1,3,54,Suburb,4783.7,389771.53
789,1516.8,1,35,Rural,3229.0,222886.38
790,2674.6,5,5,Rural,7272.3,546224.92
791,1497.5,1,1,Rural,2446.8,295184.59
792,2061.4,2,5,Suburb,3126.7,432673.25
793,1416.3,3,8,Downtown,1900.4,369287.75
794,1660.3,6,8,Suburb,4358.2,444111.25
795,1648.6,2,12,Downtown,3917.9,382050.59
796,1399.1,5,77,Suburb,3386.0,277525.59
797,1944.2,4,52,Downtown,3266.9,448524.48
798,2594.3,4,51,Suburb,4038.8,471617.64
799,2927.0,1,29,Suburb,7351.5,512429.19
800,2670.2,6,62,Suburb,7054.8,546362.57
801,1695.6,6,52,Suburb,2914.2,380238.79
802,2683.0,3,46,Rural,4739.5,482975.23
803,2053.9,3,22,Downtown,,434443.16
804,2888.8,3,60,Suburb,7644.5,525855.62
805,1037.2,1,63,Suburb,1565.4,180117.65
806,2697.9,4,67,Suburb,4508.4,521692.91
807,1437.6,4,39,Suburb,3688.2,335269.4
808,2500.8,6,2,Suburb,6182.2,564254.22
809,1517.9,4,74,Downtown,2862.7,372175.85
810,2352.6,3,1,Downtown,6210.5,594870.94
811,1629.6,5,61,Rural,3981.8,237321.13
812,662.3,1,11,Suburb,,179627.47
813,1214.2,6,38,Suburb,2542.4,276265.39
814,1654.2,1,59,Downtown,2608.6,361256.69
815,1814.7,3,77,Suburb,3503.7,330606.22
816,445.2,1,24,Downtown,624.8,134720.96
817,1075.1,1,25,Suburb,2288.7,190389.75
818,1357.7,3,61,Downtown,1807.6,328817.42
819,1672.0,2,37,Rural,2034.3,288450.21
820,1933.6,6,28,Suburb,5671.1,446108.72
821,1303.6,3,28,Suburb,1885.1,266694.84
822,882.4,3,72,Suburb,1566.5,219283.61
823,1983.0,2,2,Suburb,5531.8,403889.48
824,1599.3,4,18,Suburb,2158.1,406962.61
825,2337.1,3,24,Suburb,5228.3,446264.68
826,1482.1,4,24,Suburb,3111.3,339794.77
827,2190.1,4,5,Downtown,4941.2,559512.92
828,1261.6,5,50,Suburb,3000.7,238477.54
829,1962.2,4,9,Rural,4109.0,368689.11
830,1854.6,5,39,Suburb,5236.0,401187.03
831,2071.9,1,9,Downtown,4880.0,499210.87
832,1235.6,1,13,Downtown,1829.9,350925.78
833,1726.5,1,29,Downtown,3871.0,403092.29
834,1287.3,1,43,Suburb,1665.5,264694.59
835,1703.0,1,44,Suburb,2846.8,279250.09
836,2176.1,5,45,Downtown,6148.6,491352.84
837,3603.8,5,45,Rural,4689.4,708465.01
838,1821.3,6,40,Downtown,3309.7,440518.63
839,2232.2,3,50,Rural,2953.3,387847.24
840,1868.6,1,67,Suburb,5247.9,272922.15
841,2485.6,4,14,Rural,3235.5,479212.66
842,2079.6,4,42,Downtown,4605.4,433330.79
843,2431.7,3,23,Suburb,4939.9,494141.01
844,2015.2,5,19,Downtown,5617.2,536592.45
845,3250.2,5,10,Downtown,4180.0,735909.74
846,2632.6,4,50,Suburb,3232.3,512827.03
847,772.8,6,72,Suburb,2074.7,167019.97
848,1981.9,3,30,Downtown,3032.7,471943.19
849,1848.2,4,12,Suburb,,371559.55
850,469.7,1,76,Rural,,50000.0
851,1281.5,2,50,Suburb,2271.3,299016.04
852,1523.4,3,69,Downtown,2411.3,304518.87
853,1358.1,5,39,Suburb,,285587.94
854,1879.7,2,47,Suburb,4970.4,313993.31
855,718.8,2,5,Suburb,2148.6,213276.68
856,2252.2,6,69,Rural,5916.8,410303.57
857,2269.2,5,66,Rural,,376270.87
858,2014.8,1,32,Downtown,,403559.68
859,1603.1,4,40,Downtown,4096.1,421593.19
860,1805.1,3,1,Downtown,3967.3,469364.72
861,1521.8,1,44,Rural,2981.8,268979.0
862,2493.1,1,51,Rural,5619.2,414386.51
863,2107.4,2,60,Suburb,3114.9,404669.12
864,3004.6,3,27,Suburb,8654.2,618984.98
865,1581.0,2,24,Downtown,2957.6,396050.41
866,2677.5,6,32,Suburb,7695.4,513354.52
867,1455.4,3,31,Downtown,3789.0,308401.64
868,1700.1,3,77,Suburb,4024.5,264580.07
869,1173.8,6,11,Downtown,2004.8,371649.96
870,2118.7,3,78,Downtown,5211.8,398056.77
871,1767.3,5,70,Downtown,3288.3,377088.56
872,2177.6,4,72,Suburb,6212.1,407064.22
873,2701.5,3,30,Downtown,4997.0,562645.84
874,1769.6,2,60,Downtown,4859.3,345097.94
875,2032.5,3,67,Suburb,2611.4,398191.92
876,2345.3,1,23,Suburb,6222.8,457509.43
877,1768.0,1,68,Rural,,290999.52
878,1473.8,3,50,Rural,3361.4,281778.7
879,2018.9,2,32,Rural,4678.2,398073.43
880,2106.9,6,57,Suburb,,429569.65
881,2273.6,6,47,Suburb,5267.3,464588.68
882,2305.1,5,21,Suburb,6697.3,439436.18
883,1401.2,3,18,Suburb,3465.1,296065.72
884,2071.7,2,22,Downtown,4162.6,451545.6
885,2545.2,2,38,Suburb,7271.3,506535.2
886,1524.5,4,79,Suburb,3904.9,299843.19
887,2022.5,6,25,Suburb,4971.2,483580.33
888,1431.3,3,1,Rural,4083.3,322456.48
889,1904.7,2,74,Suburb,2937.2,362500.57
890,2849.4,2,23,Suburb,4345.8,560772.34
891,1908.3,5,53,Suburb,4364.1,389904.23
892,1222.8,6,71,Rural,,218274.59
893,2012.2,3,71,Downtown,2979.5,424093.95
894,1933.9,1,23,Suburb,,344077.91
895,2475.8,3,19,Suburb,3150.4,505290.04
896,978.4,5,41,Suburb,2640.5,227204.9
897,1253.0,3,16,Downtown,1778.7,282755.68
898,1757.4,2,5,Suburb,2195.8,293389.2
899,869.6,2,0,Suburb,1911.0,191091.7
900,2488.1,2,67,Suburb,4167.9,429108.44
901,586.0,2,46,Rural,862.3,80063.11
902,1304.7,4,54,Downtown,2785.2,359101.24
903,915.7,2,23,Suburb,,181296.26
904,1409.9,1,67,Suburb,2673.3,201371.82
905,2286.4,3,21,Suburb,5461.7,468935.1
906,2166.9,6,55,Suburb,3245.9,469445.54
907,2361.8,3,36,Rural,4915.0,472920.15
908,2167.5,6,27,Suburb,6188.7,440599.78
909,581.7,1,45,Suburb,1076.1,99397.85
910,1985.9,3,14,Suburb,5010.0,399387.03
911,694.1,3,60,Rural,1301.7,147418.61
912,1501.8,4,64,Suburb,,309413.01
913,1568.4,5,70,Suburb,2986.2,309872.2
914,1477.4,6,50,Suburb,1963.0,342291.72
915,2100.3,5,15,Rural,,414871.67
916,1317.8,1,78,Downtown,2315.2,263442.54
917,2846.3,1,39,Suburb,7663.1,518176.64
918,2164.4,6,30,Suburb,5915.5,451021.92
919,2514.9,2,73,Rural,6481.6,404073.32
920,2260.9,4,18,Suburb,4733.0,478086.36
921,2341.9,4,25,Suburb,3112.8,483335.62
922,1779.3,6,46,Downtown,4341.2,480441.56
923,2986.1,4,44,Suburb,6286.2,598829.1
924,1171.7,1,22,Downtown,3109.7,290914.81
925,2082.3,1,35,Downtown,4303.6,386283.97
926,1807.3,3,68,Suburb,2317.3,290144.92
927,1670.3,2,59,Downtown,3566.6,347791.45
928,1996.3,2,64,Suburb,2841.8,345132.93
929,1354.1,4,58,Downtown,,294096.31
930,2327.6,2,59,Downtown,3003.3,469432.21
931,2277.2,5,31,Suburb,4515.7,474644.35
932,1863.7,3,8,Suburb,2696.5,376888.05
933,2248.6,4,21,Suburb,4967.1,459604.35
934,1180.3,2,1,Rural,,232580.69
935,717.4,4,50,Downtown,2124.7,202800.19
936,1456.2,2,8,Rural,3455.9,255287.76
937,1662.7,6,74,Downtown,4497.7,390703.05
938,3303.9,3,19,Downtown,6223.9,710203.92
939,1667.9,6,32,Downtown,3034.2,404980.82
940,2425.7,2,29,Suburb,,409311.53
941,2313.6,2,39,Downtown,2878.2,469148.53
942,3073.8,2,48,Downtown,7531.3,636962.39
943,1875.3,6,19,Suburb,4071.8,378617.66
944,2198.3,5,67,Suburb,5077.2,449455.23
945,1688.9,2,70,Downtown,2964.4,338621.96
946,1285.4,5,3,Suburb,1669.2,321324.74
947,1201.3,1,4,Suburb,2880.2,233213.7
948,1334.1,1,43,Rural,3604.6,228221.42
949,2664.1,5,30,Suburb,5121.8,543097.82
950,1977.0,5,26,Suburb,3820.4,431555.09
951,1712.8,6,7,Rural,,321232.94
952,1816.0,4,9,Downtown,,475243.2
953,1466.3,1,35,Suburb,3724.7,228705.74
954,1785.2,1,14,Suburb,,340991.66
955,1781.2,5,47,Suburb,5297.2,381295.09
956,2197.2,4,14,Downtown,5054.7,514890.64
957,2353.2,1,8,Downtown,3573.5,530826.08
958,822.5,6,51,Downtown,1375.0,267760.59
959,1945.1,6,53,Rural,4697.3,375946.45
960,2632.0,6,13,Downtown,4845.3,601586.91
961,1192.0,3,21,Downtown,2942.0,347551.9
962,1655.2,6,29,Rural,3940.9,372867.04
963,1907.0,3,16,Downtown,4975.0,439662.82
964,2467.2,3,40,Suburb,5633.0,449335.08
965,2164.2,6,27,Rural,4534.3,441773.56
966,1674.1,5,54,Suburb,3530.8,321695.11
967,2106.5,2,74,Downtown,3529.1,429302.92
968,2428.8,5,53,Suburb,3780.1,500296.58
969,2040.5,4,70,Suburb,,399004.0
970,2922.6,2,77,Downtown,7079.8,609144.31
971,2060.2,1,24,Downtown,,462572.16
972,1175.2,3,16,Suburb,,234482.35
973,1335.2,2,2,Downtown,1822.2,328879.82
974,1725.6,3,49,Suburb,3931.5,345752.16
975,1681.9,4,7,Downtown,4563.6,484158.01
976,2179.6,2,68,Downtown,4859.6,434731.97
977,2019.2,6,36,Suburb,5606.1,407782.27
978,2836.8,3,47,Suburb,4045.6,570380.83
979,2294.2,3,2,Downtown,6679.7,532860.71
980,2699.1,4,17,Rural,4655.1,535981.83
981,1348.5,1,55,Suburb,3320.2,262864.1
982,1550.4,4,27,Downtown,4547.0,365702.88
983,2218.5,2,47,Downtown,4890.4,460562.79
984,1862.7,3,6,Suburb,3191.3,380164.78
985,2184.5,3,33,Downtown,6477.8,502537.56
986,1958.2,3,52,Downtown,3261.4,447974.82
987,1435.2,1,11,Rural,3574.3,246290.05
988,2831.2,6,66,Rural,6404.1,535975.94
989,2494.0,1,76,Suburb,5308.0,374232.78
990,874.9,2,78,Suburb,2276.3,149531.09
991,1438.1,2,29,Downtown,4119.7,354835.97
992,1822.4,3,27,Downtown,5313.7,428771.61
993,2216.9,6,19,Downtown,5775.6,504542.0
994,1765.7,5,43,Suburb,4735.0,365439.33
995,991.3,3,78,Downtown,1242.1,204839.8
996,2308.1,4,65,Downtown,4316.6,532285.65
997,1684.9,1,60,Rural,3726.4,252586.46
998,2531.7,4,11,Downtown,5203.5,577280.36
999,1991.5,4,43,Rural,5742.3,363762.2
1000,2411.1,2,36,Suburb,6870.2,468804.23
1001,2311.6,4,28,Suburb,4776.5,469872.15
1002,2340.3,6,59,Downtown,6684.5,543255.84
1003,1505.3,4,64,Suburb,2766.5,265799.02
1004,2428.1,1,0,Suburb,6381.5,507077.18
1005,1933.3,5,56,Suburb,2783.5,373564.81
1006,1062.8,6,60,Rural,3168.7,228232.38
1007,1574.6,4,70,Suburb,3171.9,303608.44
1008,1609.0,3,57,Downtown,4751.6,391534.72
1009,2092.9,1,78,Rural,3476.7,315524.22
1010,2222.7,4,16,Suburb,3782.9,423796.43
1011,1143.3,4,46,Suburb,1949.8,211036.18
1012,2246.9,4,43,Suburb,3882.0,436701.51
1013,1773.4,4,66,Suburb,2409.7,373233.14
1014,1179.3,6,14,Suburb,3088.4,289547.54
1015,2312.3,4,73,Downtown,4899.9,488907.17
1016,1356.6,3,71,Suburb,2884.2,278230.64
1017,1097.9,1,16,Downtown,1841.0,269327.82
1018,2266.7,1,24,Suburb,4684.2,435410.83
1019,2352.5,2,50,Downtown,4772.5,498818.04
1020,1418.2,3,5,Downtown,1742.5,359930.24
1021,2447.1,4,67,Suburb,4256.0,463177.97
1022,2414.5,1,2,Suburb,3640.1,501314.5
1023,1503.4,5,63,Rural,2610.7,300431.2
1024,3011.2,6,21,Suburb,5937.8,615234.33
1025,1779.4,1,59,Suburb,5293.7,384762.19
1026,1949.6,6,78,Suburb,3653.8,390858.92
1027,400.0,5,36,Downtown,1122.1,181271.9
1028,2195.8,6,38,Rural,5560.7,413002.36
1029,1444.2,3,69,Suburb,4296.6,236892.68
1030,2079.2,6,76,Downtown,5552.1,488302.48
1031,791.0,4,39,Suburb,2290.1,108368.24
1032,2508.3,5,70,Suburb,3673.1,473400.43
1033,2688.2,5,23,Downtown,7019.0,575971.56
1034,2947.5,3,33,Suburb,5395.2,561306.81
1035,400.0,1,35,Rural,762.6,50537.19
1036,2168.4,3,33,Rural,3033.5,361155.21
1037,2023.3,5,65,Rural,2949.6,338683.23
1038,400.0,4,25,Rural,,129792.3
1039,1379.1,5,6,Downtown,2199.4,377243.61
1040,1767.3,1,2,Suburb,4175.9,357068.3
1041,2670.3,3,0,Suburb,4913.6,537294.36
1042,1319.8,6,65,Suburb,3090.9,301810.72
1043,1942.6,2,5,Suburb,4522.0,430171.29
1044,1785.4,3,55,Downtown,2836.0,420929.0
1045,2039.0,4,10,Downtown,5780.4,509487.61
1046,1582.0,3,5,Downtown,3927.8,419966.24
1047,2355.4,4,18,Downtown,,513498.65
1048,2403.3,1,68,Downtown,5561.9,506724.02
1049,1006.2,3,10,Suburb,2381.6,222348.21
1050,2493.1,3,71,Suburb,4582.2,426425.68
1051,1374.4,4,1,Downtown,3158.9,373532.69
1052,1658.0,2,5,Rural,2454.8,295985.6
1053,2496.3,5,21,Downtown,7433.7,590200.85
1054,1882.1,5,21,Downtown,4631.1,487805.73
1055,2168.1,5,48,Suburb,5595.4,469647.76
1056,2296.5,4,16,Suburb,5839.3,473399.19
1057,2183.1,6,59,Suburb,5962.4,425127.82
1058,1502.6,3,10,Downtown,3053.8,379061.42
1059,1255.3,6,37,Rural,2081.6,232771.58
1060,2233.7,1,34,Suburb,2808.0,393049.64
1061,2280.0,1,74,Rural,4850.7,407238.83
1062,2040.4,6,38,Suburb,,413740.18
1063,1713.6,6,3,Rural,3488.6,364610.44
1064,2340.2,5,46,Downtown,3068.4,545298.75
1065,1811.5,6,70,Downtown,4704.5,430720.22
1066,1008.1,3,17,Rural,1858.0,221234.87
1067,1996.4,6,3,Downtown,,494769.76
1068,2130.2,5,63,Rural,5628.4,357608.16
1069,2292.2,5,47,Suburb,4393.2,493878.06
1070,1295.0,3,47,Suburb,2649.0,237904.42
1071,1380.1,6,16,Downtown,3303.2,392366.63
1072,2028.6,5,11,Suburb,2556.9,449770.66
1073,1562.9,6,57,Rural,2749.2,252380.34
1074,1790.8,6,2,Suburb,5357.0,416424.76
1075,2392.9,1,59,Downtown,5823.4,461449.27
1076,2067.5,5,67,Suburb,2965.3,414544.29
1077,2924.4,1,65,Downtown,8508.6,560631.14
1078,2007.2,5,37,Suburb,5769.2,357784.92
1079,2857.0,4,23,Suburb,6797.1,591187.02
1080,2471.5,5,20,Suburb,3039.6,448611.49
1081,3358.5,6,12,Downtown,6546.8,743849.62
1082,1846.9,2,36,Suburb,3498.5,334721.21
1083,1786.9,4,60,Rural,2718.4,298474.91
1084,2619.8,2,21,Suburb,5992.8,505240.2
1085,1532.0,4,54,Rural,2631.4,299083.61
1086,1563.7,5,8,Suburb,3764.6,340252.11
1087,1989.4,6,36,Downtown,3270.3,470511.17
1088,2067.7,3,65,Suburb,,398114.34
1089,1005.4,4,34,Suburb,1703.7,240610.01
1090,1996.6,6,29,Rural,2447.9,423024.95
1091,1660.0,5,40,Downtown,4525.3,420460.2
1092,1829.9,2,12,Rural,2929.6,335084.96
1093,1951.8,4,76,Suburb,2495.5,346973.07
1094,1733.4,4,71,Downtown,5037.9,372550.14
1095,2488.7,4,10,Rural,4435.1,509708.47
1096,2139.8,1,69,Suburb,5272.2,403300.94
1097,1738.1,3,47,Downtown,2427.2,447587.64
1098,1896.1,1,48,Suburb,5036.9,311666.51
1099,2471.9,5,68,Downtown,6712.0,526405.95
1100,2321.1,1,35,Suburb,3944.8,427333.76
1101,2608.9,1,8,Rural,4266.4,468991.59
1102,1771.6,6,76,Downtown,2558.4,381748.02
1103,1936.7,3,59,Suburb,4368.6,417842.39
1104,3055.7,6,6,Suburb,5935.6,685313.32
1105,1833.4,1,65,Downtown,5141.1,368134.44
1106,2859.0,5,79,Suburb,5331.8,520500.06
1107,2360.6,4,19,Downtown,4987.6,544527.71
1108,1601.9,6,17,Rural,3039.3,312138.61
1109,1024.2,3,27,Rural,1722.5,186084.47
1110,2237.3,6,76,Suburb,,455634.16
1111,1438.7,6,34,Downtown,3266.8,432955.92
1112,1436.8,3,25,Downtown,2478.2,384545.11
1113,828.0,3,79,Downtown,2348.7,237089.73
1114,2567.2,5,64,Suburb,6101.9,465646.1
1115,1921.3,6,72,Suburb,4492.7,296597.26
1116,1875.7,5,19,Downtown,5175.2,505837.99
1117,2096.0,2,74,Suburb,3227.6,368513.99
1118,2006.0,1,69,Suburb,5623.4,337791.04
1119,1918.0,6,29,Rural,5118.9,434242.11
1120,2169.4,6,22,Suburb,3325.9,446260.14
1121,1697.5,6,70,Suburb,2706.9,318292.21
1122,400.0,6,28,Suburb,512.6,128148.15
1123,2302.0,2,39,Suburb,4610.4,474972.79
1124,2115.6,3,38,Suburb,2983.0,436600.72
1125,1876.2,4,47,Suburb,4999.8,325268.81
1126,2809.1,2,71,Downtown,4770.4,598538.5
1127,1030.8,1,52,Rural,1657.2,150109.17
1128,400.0,3,24,Rural,1138.5,96683.12
1129,2749.3,4,58,Downtown,4838.3,559205.1
1130,2109.6,1,16,Suburb,,456059.46
1131,883.7,5,26,Suburb,1947.0,236249.17
1132,1619.8,3,33,Downtown,3514.4,421732.6
1133,2231.7,3,29,Suburb,3883.0,414164.87
1134,1139.8,6,46,Downtown,2635.6,343264.48
1135,2193.4,3,9,Suburb,3481.8,454095.29
1136,3124.6,2,12,Suburb,7521.3,598642.51
1137,2690.8,3,69,Rural,4741.3,435674.92
1138,1844.3,2,38,Rural,,302187.4
1139,2055.2,5,36,Downtown,3735.5,455497.24
1140,1297.8,3,63,Suburb,2171.0,224272.68
1141,1941.5,2,76,Rural,5116.0,303372.73
1142,1664.8,3,30,Downtown,4272.3,413112.83
1143,1270.5,6,21,Suburb,1779.4,269339.97
1144,1062.7,4,66,Downtown,2992.5,241340.86
1145,3012.8,5,50,Downtown,8065.9,629983.73
1146,1914.1,4,63,Suburb,2624.9,321284.3
1147,1253.7,3,79,Downtown,,271852.78
1148,1611.6,2,34,Suburb,3456.3,305416.35
1149,2748.6,6,55,Downtown,5803.3,601114.62
1150,2828.0,1,23,Downtown,3496.2,600230.55
1151,1496.3,4,71,Suburb,4269.2,307442.12
1152,1979.0,2,32,Downtown,3907.3,461655.58
1153,2393.2,4,74,Downtown,6016.3,508549.07
1154,1656.0,6,26,Rural,3626.5,361351.44
1155,1162.1,4,42,Suburb,3331.4,227182.78
1156,1281.4,5,61,Suburb,2224.4,239655.65
1157,1868.6,3,14,Downtown,4608.2,465900.49
1158,1402.2,2,20,Rural,2486.0,272370.35
1159,1090.3,4,50,Suburb,3129.4,286594.15
1160,1721.5,3,43,Downtown,3011.9,390116.34
1161,2417.0,1,52,Suburb,3083.4,402929.49
1162,2268.5,2,24,Suburb,4706.5,447443.29
1163,1725.6,4,25,Suburb,4259.6,353097.92
1164,2998.1,4,74,Suburb,5799.0,526296.81
1165,1393.6,3,14,Downtown,3548.6,399521.57
1166,1816.6,2,49,Suburb,4611.4,387141.44
1167,1048.1,4,27,Downtown,1682.4,311210.59
1168,2324.6,2,8,Downtown,4481.3,506791.28
1169,1786.7,4,62,Suburb,5326.0,349574.46
1170,859.2,2,53,Rural,1831.1,128486.92
1171,1367.7,6,25,Rural,3802.3,257657.19
1172,2930.6,6,59,Downtown,5618.3,657622.29
1173,2290.7,5,63,Rural,3670.4,423804.41
1174,1926.4,5,26,Downtown,5365.7,505787.06
1175,2375.0,1,29,Downtown,4794.3,487609.57
1176,908.5,6,32,Suburb,1113.7,235298.84
1177,1367.2,1,64,Suburb,3366.6,226418.85
1178,1069.9,3,67,Suburb,2316.5,151369.62
1179,1366.6,3,48,Rural,3668.9,304744.55
1180,1631.4,4,71,Suburb,,251048.88
1181,2174.4,4,75,Suburb,5309.6,370398.34
1182,2458.6,2,76,Suburb,3527.6,417728.79
1183,2441.7,3,18,Downtown,3356.1,506674.78
1184,3457.5,3,27,Suburb,9472.0,674365.24
1185,1564.5,5,61,Downtown,3956.7,363412.39
1186,1846.9,5,50,Suburb,4935.2,378532.64
1187,2160.9,6,35,Downtown,4713.9,524829.14
1188,1364.7,4,13,Suburb,3088.8,313093.21
1189,1686.6,1,16,Suburb,2243.7,332979.6
1190,2100.9,6,54,Suburb,4129.6,426734.8
1191,1331.5,4,13,Downtown,2949.6,376594.44
1192,2137.3,5,73,Suburb,3661.7,429863.86
1193,2586.6,2,19,Rural,3472.9,464891.85
1194,1192.4,4,28,Suburb,3327.4,254767.09
1195,496.1,3,54,Downtown,730.7,155272.81
1196,1905.8,5,36,Downtown,4047.6,468174.32
1197,1236.0,6,67,Suburb,2977.4,253659.2
1198,1958.8,6,50,Rural,4083.7,368697.02
1199,1587.8,1,24,Suburb,4451.1,265251.67
1200,2036.2,1,39,Suburb,3304.1,424397.76
1201,2528.9,2,27,Suburb,7110.7,451311.82
1202,2341.5,5,9,Rural,6446.1,517753.54
1203,1641.2,4,9,Suburb,3579.2,386112.65
1204,1157.5,4,34,Downtown,2258.3,342673.98
1205,400.0,5,42,Downtown,1099.3,190679.42
1206,558.2,4,43,Rural,1161.3,122484.44
1207,1378.2,6,8,Downtown,4040.2,410214.93
1208,1908.6,5,47,Suburb,2802.2,406681.4
1209,1446.9,6,25,Suburb,1992.9,362036.64
1210,1492.9,1,58,Rural,2253.5,268993.83
1211,894.8,6,72,Suburb,2427.0,171318.2
1212,862.3,4,70,Downtown,1708.1,243008.8
1213,816.2,5,41,Rural,1667.6,213096.69
1214,2211.6,2,48,Suburb,5315.5,446070.29
1215,660.2,3,24,Rural,1034.8,105474.87
1216,2240.8,4,69,Suburb,4466.2,427429.14
1217,1297.7,2,60,Suburb,2972.8,240908.82
1218,2152.9,6,74,Suburb,2687.0,429434.45
1219,1973.9,6,0,Downtown,3917.2,456587.93
1220,2278.7,1,47,Rural,5143.9,403032.95
1221,2535.3,5,59,Suburb,4952.3,449883.58
1222,1358.7,4,20,Downtown,2113.9,423416.54
1223,1245.0,5,64,Suburb,1636.6,274160.6
1224,1560.1,6,2,Rural,4534.8,348401.54
1225,1359.0,5,38,Suburb,3578.8,317533.68
1226,2211.3,1,32,Downtown,4856.7,475152.9
1227,1748.1,6,17,Suburb,4387.2,387085.77
1228,1817.3,3,45,Suburb,2254.5,350223.54
1229,2061.0,4,17,Suburb,6181.5,443188.38
1230,1530.0,1,56,Suburb,2766.3,245451.09
1231,2465.2,2,72,Suburb,4933.0,452377.22
1232,713.4,3,8,Downtown,939.7,277528.92
1233,1947.9,1,57,Suburb,3463.6,370522.37
1234,2105.7,1,23,Suburb,2970.7,432398.16
1235,1349.4,2,77,Downtown,2439.4,322952.12
1236,1393.2,5,37,Suburb,,326821.55
1237,2344.7,4,15,Rural,5362.3,492241.86
1238,1614.9,5,3,Suburb,2316.0,380000.94
1239,658.5,3,33,Rural,1820.4,136250.81
1240,999.1,4,50,Rural,2898.4,221585.59
1241,2404.4,2,62,Rural,3456.6,453822.64
1242,1277.6,5,0,Suburb,1876.5,310869.38
1243,2584.3,1,46,Suburb,6755.5,426921.04
1244,2619.3,1,49,Suburb,4716.9,527860.9
1245,1682.0,1,38,Rural,2839.7,312321.95
1246,2125.8,5,24,Downtown,3567.1,560945.38
1247,1307.9,4,10,Suburb,2009.6,329393.81
1248,1560.4,1,48,Downtown,4415.5,346694.43
1249,1383.7,4,75,Rural,3322.9,212833.53
1250,2151.8,4,75,Suburb,3417.8,372293.38
1251,1034.4,6,16,Downtown,3100.9,373675.98
1252,1721.2,1,34,Suburb,3089.4,348448.18
1253,1829.0,5,57,Downtown,4703.4,437097.81
1254,2107.6,6,50,Suburb,,406689.66
1255,532.0,1,48,Suburb,1056.6,80905.73
1256,730.9,4,67,Rural,1762.3,102962.92
1257,1272.7,2,62,Suburb,2173.1,219634.04
1258,1663.9,6,22,Suburb,4182.3,303933.35
1259,1880.2,6,61,Suburb,2943.4,392231.58
1260,1911.4,5,27,Suburb,2735.0,452767.17
1261,2999.9,2,36,Downtown,5645.4,607335.85
1262,2186.5,4,12,Suburb,5398.9,462048.03
1263,2146.2,4,43,Rural,5332.9,403667.99
1264,1504.1,2,73,Downtown,2560.9,292450.91
1265,2262.2,5,6,Suburb,2848.2,504076.27
1266,2207.0,3,40,Suburb,4839.2,405703.4
1267,2194.4,4,60,Downtown,5595.2,467606.16
1268,1726.7,2,5,Suburb,2191.2,367763.8
1269,2165.8,1,22,Rural,3147.4,381104.24
1270,2703.0,4,57,Downtown,5468.1,576437.47
1271,1318.3,3,9,Downtown,2044.4,330704.6
1272,505.2,6,37,Downtown,955.9,240035.93
1273,2281.9,4,3,Downtown,3473.3,517076.48
1274,2230.3,6,67,Rural,5498.2,436762.62
1275,1654.9,4,23,Suburb,4305.4,342637.98
1276,1528.0,2,28,Suburb,4459.6,272088.07
1277,3436.2,1,10,Downtown,4312.0,709691.19
1278,1515.2,5,58,Suburb,2191.2,282304.61
1279,1065.3,6,13,Downtown,2959.9,328180.27
1280,1507.4,4,0,Downtown,3688.3,405799.17
1281,2090.8,4,32,Downtown,,507475.68
1282,1427.1,1,48,Rural,1758.1,247992.79
1283,1559.5,5,27,Suburb,4669.1,360065.23
1284,1973.3,5,61,Downtown,3493.6,443161.14
1285,1535.3,5,21,Suburb,1993.2,306474.73
1286,1866.8,6,4,Downtown,2607.4,488899.31
1287,1765.7,2,14,Rural,2577.1,321063.09
1288,1157.4,3,41,Downtown,2739.3,294478.27
1289,1833.3,1,48,Downtown,3565.7,374984.92
1290,1098.4,6,19,Rural,1917.6,238911.33
1291,2345.8,4,43,Suburb,3520.7,484105.91
1292,1234.2,5,26,Downtown,2095.2,312931.07
1293,1647.9,6,31,Suburb,4376.7,371564.66
1294,706.5,5,65,Downtown,1315.8,253670.81
1295,1523.5,6,15,Rural,,312270.62
1296,1045.0,1,53,Rural,3129.9,126049.73
1297,2678.6,6,62,Downtown,7832.3,582823.15
1298,1717.0,4,73,Downtown,3211.7,372586.4
1299,2100.0,2,8,Suburb,4970.3,432552.43
1300,747.1,4,47,Suburb,1020.5,207760.91
1301,1050.5,6,30,Rural,2341.2,231217.25
1302,1687.3,2,18,Rural,2184.0,327345.66
1303,980.2,1,16,Rural,1591.9,158762.87
1304,2467.9,5,50,Suburb,7141.9,476460.86
1305,1547.9,2,58,Suburb,2224.7,289012.03
1306,1876.6,1,72,Rural,4031.6,267245.71
1307,1967.7,5,42,Suburb,4475.0,439766.26
1308,1697.9,2,48,Suburb,2719.5,305912.5
1309,2247.5,1,72,Rural,6586.1,347889.86
1310,1386.4,6,28,Suburb,,298433.68
1311,2004.1,5,53,Downtown,2685.9,451697.63
1312,2498.3,6,24,Downtown,6450.9,563246.03
1313,1912.8,5,51,Suburb,3931.8,375601.6
1314,1860.2,5,23,Downtown,2815.8,416100.33
1315,1588.5,6,6,Suburb,2924.8,382784.25
1316,1820.3,1,74,Suburb,4013.2,351373.53
1317,2186.6,6,0,Downtown,4578.0,504754.3
1318,1640.2,5,75,Rural,3266.1,335860.35
1319,787.8,5,51,Suburb,952.0,183107.94
1320,1882.7,6,54,Rural,2596.5,387077.48
1321,1696.7,2,62,Rural,3306.9,246490.57
1322,2063.5,5,70,Downtown,6101.6,514551.21
1323,1808.9,1,68,Downtown,2731.3,337379.39
1324,2717.8,3,61,Rural,,468694.41
1325,1072.5,1,79,Suburb,2167.1,207118.3
1326,1210.3,3,13,Downtown,2125.5,297602.25
1327,2171.4,2,70,Suburb,6045.7,318227.69
1328,1175.7,4,63,Suburb,3011.5,231407.97
1329,1977.5,2,44,Suburb,4834.3,349713.52
1330,1774.9,2,69,Downtown,2575.6,345104.52
1331,622.4,6,54,Suburb,1160.5,140744.01
1332,2178.8,3,50,Rural,5719.7,343326.13
1333,2594.3,6,28,Suburb,5733.1,582761.18
1334,1906.4,1,5,Suburb,2782.3,414643.23
1335,956.4,1,78,Rural,,76835.58
1336,2249.4,1,13,Suburb,6418.6,432686.63
1337,1168.7,3,77,Rural,3009.0,164825.13
1338,1712.1,4,11,Rural,3888.6,377051.26
1339,2027.5,5,56,Downtown,3033.1,441861.86
1340,1323.2,4,65,Suburb,2427.7,302796.75
1341,784.2,3,18,Downtown,1567.4,251458.15
1342,1699.1,4,52,Downtown,3787.5,375689.14
1343,1757.3,4,45,Suburb,3814.9,351729.77
1344,1279.1,1,42,Downtown,1866.6,278682.13
1345,1322.4,6,54,Downtown,3009.6,414140.67
1346,2218.8,4,38,Rural,5894.4,417635.21
1347,1728.8,6,65,Downtown,2734.8,401718.38
1348,1505.4,4,68,Suburb,2004.1,290761.38
1349,1430.8,2,51,Suburb,2725.4,306776.24
1350,1881.2,1,23,Suburb,3581.3,333653.52
1351,1836.7,5,63,Rural,5266.2,287636.0
1352,1679.9,3,21,Downtown,2821.7,446106.35
1353,963.9,3,62,Downtown,2500.2,260992.95
1354,1562.8,6,78,Suburb,4191.3,300948.68
1355,1411.9,1,52,Suburb,2029.7,247430.65
1356,1820.0,5,20,Downtown,5160.9,490550.93
1357,2459.1,2,9,Suburb,5496.4,413334.44
1358,2338.4,2,30,Suburb,6437.6,483485.44
1359,2157.2,6,58,Suburb,5654.4,433489.49
1360,1845.8,6,53,Rural,3833.7,375585.8
1361,1590.5,2,37,Suburb,4333.0,305821.55
1362,1977.0,1,15,Rural,3536.9,440435.88
1363,1501.2,1,63,Rural,2670.1,208567.33
1364,1580.3,5,59,Suburb,3596.2,352150.11
1365,1287.2,6,8,Suburb,2415.7,254337.48
1366,1748.0,4,62,Suburb,2759.6,338152.85
1367,1734.3,3,39,Downtown,4600.4,425211.91
1368,2857.7,2,1,Downtown,7607.8,584716.73
1369,2103.0,6,25,Suburb,,401769.55
1370,1558.7,6,54,Downtown,3853.7,396854.62
1371,2232.6,2,38,Suburb,6372.7,450066.9
1372,1503.2,4,18,Suburb,4001.0,365566.45
1373,2369.9,1,78,Rural,3468.6,349499.66
1374,2233.9,2,5,Suburb,3032.1,461431.25
1375,3469.9,6,61,Downtown,6944.1,692497.15
1376,1146.8,4,39,Suburb,3223.8,298144.74
1377,1736.4,2,70,Downtown,4934.0,347759.49
1378,1712.3,2,14,Downtown,2134.6,445344.02
1379,1952.4,6,67,Suburb,5505.1,385769.41
1380,2194.4,2,75,Downtown,5181.4,432450.16
1381,1210.8,5,4,Downtown,2887.1,409720.26
1382,1356.6,4,37,Rural,2207.6,234737.47
1383,1955.5,6,57,Downtown,4554.6,498921.87
1384,2343.4,4,22,Suburb,6777.8,470184.12
1385,1126.1,2,59,Rural,2531.4,149189.91
1386,876.3,3,44,Downtown,2492.2,220870.54
1387,2445.1,5,60,Suburb,5964.4,507714.23
1388,2269.6,4,58,Rural,3698.7,402200.18
1389,2411.3,5,20,Suburb,,496226.17
1390,1214.4,3,68,Suburb,2023.5,181348.29
1391,1663.2,5,29,Suburb,2890.0,396170.72
1392,1911.2,4,10,Downtown,4593.2,502408.56
1393,2035.5,6,51,Downtown,4238.2,491594.39
1394,1710.1,4,8,Downtown,4830.6,460412.43
1395,1750.4,6,21,Rural,2722.7,277420.96
1396,2366.7,6,71,Downtown,3396.7,509297.23
1397,1527.3,4,40,Suburb,2076.3,321471.6
1398,1461.8,6,54,Downtown,2408.6,379511.4
1399,1529.8,6,32,Rural,3804.3,302704.21
1400,1483.5,5,76,Suburb,2222.6,295292.84
1401,1855.5,5,6,Rural,4362.1,368186.17
1402,1658.4,6,51,Rural,4712.7,306304.45
1403,1525.5,6,5,Suburb,3550.1,337245.84
1404,2602.7,2,23,Rural,4091.4,475640.91
1405,1954.0,1,16,Rural,5027.7,329137.77
1406,1584.5,5,7,Downtown,4293.7,414834.33
1407,2510.2,2,36,Downtown,5394.6,572208.37
1408,1461.2,5,57,Suburb,2760.5,300503.62
1409,1778.7,1,73,Suburb,4075.2,295463.64
1410,1725.5,6,60,Downtown,2375.7,375617.12
1411,1447.9,1,61,Suburb,3456.8,233066.36
1412,1557.9,5,32,Suburb,2507.2,369114.47
1413,1828.0,4,24,Suburb,4289.3,400868.59
1414,952.8,1,6,Downtown,1676.1,269587.77
1415,1554.9,6,62,Rural,2905.1,291159.13
1416,1923.4,5,17,Suburb,5522.6,422757.25
1417,1938.4,4,64,Downtown,3516.5,440438.96
1418,1951.0,5,12,Suburb,5108.5,421270.95
1419,3127.0,6,74,Rural,4333.1,498617.12
1420,2162.3,2,57,Suburb,5286.2,446942.56
1421,1696.9,5,56,Suburb,2272.0,376852.82
1422,1709.6,2,40,Downtown,3610.6,381392.97
1423,1777.9,4,49,Suburb,4973.9,393426.86
1424,2029.4,5,43,Rural,,350026.31
1425,1608.9,3,53,Suburb,2744.1,343994.17
1426,2644.9,3,61,Downtown,7535.0,552530.03
1427,1145.4,2,5,Suburb,2260.3,280538.4
1428,2141.4,5,13,Suburb,5012.2,454076.1
1429,2067.5,6,47,Suburb,5138.6,436070.75
1430,1123.6,6,38,Rural,2813.9,256394.8
1431,2139.2,6,3,Suburb,6277.7,513690.03
1432,2097.5,4,48,Suburb,6117.3,426732.28
1433,1412.4,6,50,Suburb,1890.2,323642.91
1434,3104.4,5,4,Downtown,4014.9,688607.87
1435,2185.7,3,53,Suburb,5550.7,459780.34
1436,1590.3,2,40,Downtown,2487.3,370068.86
1437,1505.1,5,30,Suburb,3705.9,327586.65
1438,1353.2,2,50,Downtown,1902.9,303480.3
1439,1926.4,4,13,Suburb,3905.5,379361.38
1440,1813.8,4,50,Suburb,3595.0,338778.47
1441,971.4,5,41,Downtown,1928.6,245286.83
1442,1183.9,3,43,Downtown,2604.4,306090.14
1443,1369.9,4,12,Suburb,1961.6,311487.52
1444,1548.1,5,76,Suburb,3103.5,306360.83
1445,1571.5,1,30,Downtown,4688.3,322845.67
1446,1396.8,6,37,Suburb,1827.9,308291.61
1447,2144.1,2,56,Rural,5626.9,341559.21
1448,2319.7,1,3,Suburb,5158.0,484580.37
1449,1820.4,2,2,Suburb,2794.1,338098.23
1450,524.7,3,66,Suburb,,58487.83
1451,1688.3,2,74,Rural,3061.7,297211.34
1452,2097.8,2,79,Downtown,4335.0,430578.3
1453,1731.7,3,70,Suburb,2749.1,270766.87
1454,1933.1,3,57,Rural,5788.0,370401.71
1455,1836.1,1,29,Suburb,5286.0,388160.4
1456,926.0,2,31,Suburb,1951.8,224726.26
1457,400.0,4,65,Suburb,825.3,50000.0
1458,2131.8,2,25,Downtown,4066.9,478551.14
1459,1479.7,6,65,Suburb,3313.9,285588.89
1460,2013.8,6,37,Rural,,393701.0
1461,1603.7,4,56,Suburb,4113.4,271986.87
1462,1680.1,6,12,Downtown,2456.9,502121.84
1463,2557.9,2,33,Suburb,7268.8,465291.53
1464,1094.1,6,78,Suburb,1459.8,236451.68
1465,1771.1,6,28,Suburb,5103.0,418084.66
1466,1153.6,1,50,Downtown,1835.0,281782.28
1467,1817.6,6,16,Rural,3775.2,396247.05
1468,2048.2,5,41,Downtown,5549.4,470782.41
1469,2148.1,6,64,Suburb,,437190.74
1470,1862.5,6,73,Downtown,2584.7,425324.79
1471,990.2,1,53,Suburb,2400.3,108822.59
1472,1916.1,6,60,Suburb,4809.9,420838.35
1473,2285.5,5,77,Rural,4416.8,384459.89
1474,2343.7,3,18,Suburb,5592.1,457002.65
1475,2997.1,2,49,Downtown,,597763.97
1476,2097.4,4,27,Rural,2527.1,362251.85
1477,1196.4,5,0,Rural,2834.5,241336.89
1478,1480.6,5,26,Downtown,3437.5,342525.09
1479,1825.3,3,16,Downtown,3681.1,453199.25
1480,2373.4,5,53,Rural,3701.1,472508.69
1481,1126.0,2,3,Suburb,2038.9,255979.57
1482,2297.3,3,68,Downtown,4445.2,446144.87
1483,2148.0,6,23,Suburb,5732.9,504442.33
1484,1281.5,3,76,Rural,3247.0,189227.35
1485,2123.2,6,45,Downtown,4495.8,458942.54
1486,1341.7,3,69,Rural,2341.2,162599.68
1487,1774.6,4,44,Suburb,4914.6,362801.92
1488,1604.4,2,40,Suburb,2038.7,347114.9
1489,1911.7,3,48,Downtown,3536.7,416028.04
1490,1104.9,1,16,Rural,,178589.71
1491,2076.6,4,29,Rural,4302.3,387889.27
1492,540.3,5,63,Downtown,692.0,166641.41
1493,1545.5,4,73,Rural,3038.2,245053.87
1494,1454.9,4,75,Suburb,2122.2,279319.36
1495,2674.6,3,34,Downtown,3499.5,556435.11
1496,2082.6,4,60,Suburb,6221.2,424839.19
1497,1499.5,3,18,Rural,4049.7,262190.89
1498,1268.1,5,69,Suburb,2288.4,275856.3
1499,1796.5,2,33,Downtown,4262.0,417202.73
